<?xml version="1.0" encoding="UTF-8"?>
<root>
  <item name="android.graphics.drawable.shapes.PathShape PathShape(android.graphics.Path, float, float) 0">
    <annotation name="android.support.annotation.NonNull" />
  </item>
  <item name="android.graphics.drawable.shapes.RoundRectShape RoundRectShape(float[], android.graphics.RectF, float[]) 0">
    <annotation name="android.support.annotation.Nullable" />
  </item>
  <item name="android.graphics.drawable.shapes.RoundRectShape RoundRectShape(float[], android.graphics.RectF, float[]) 1">
    <annotation name="android.support.annotation.Nullable" />
  </item>
  <item name="android.graphics.drawable.shapes.RoundRectShape RoundRectShape(float[], android.graphics.RectF, float[]) 2">
    <annotation name="android.support.annotation.Nullable" />
  </item>
  <item name="android.graphics.drawable.shapes.Shape void getOutline(android.graphics.Outline) 0">
    <annotation name="android.support.annotation.NonNull" />
  </item>
</root>

