<?xml version="1.0" encoding="UTF-8"?>
<root>
  <item name="android.hardware.camera2.params.OutputConfiguration OutputConfiguration(android.util.Size, java.lang.Class&lt;T&gt;) 0">
    <annotation name="android.support.annotation.NonNull" />
  </item>
  <item name="android.hardware.camera2.params.OutputConfiguration OutputConfiguration(android.util.Size, java.lang.Class&lt;T&gt;) 1">
    <annotation name="android.support.annotation.NonNull" />
  </item>
  <item name="android.hardware.camera2.params.OutputConfiguration OutputConfiguration(android.view.Surface) 0">
    <annotation name="android.support.annotation.NonNull" />
  </item>
  <item name="android.hardware.camera2.params.OutputConfiguration OutputConfiguration(int, android.view.Surface) 1">
    <annotation name="android.support.annotation.NonNull" />
  </item>
  <item name="android.hardware.camera2.params.OutputConfiguration android.view.Surface getSurface()">
    <annotation name="android.support.annotation.Nullable" />
  </item>
  <item name="android.hardware.camera2.params.OutputConfiguration java.util.List&lt;android.view.Surface&gt; getSurfaces()">
    <annotation name="android.support.annotation.NonNull" />
  </item>
  <item name="android.hardware.camera2.params.OutputConfiguration void addSurface(android.view.Surface) 0">
    <annotation name="android.support.annotation.NonNull" />
  </item>
</root>

