<?xml version="1.0" encoding="UTF-8"?>
<root>
  <item name="android.service.notification.Condition state">
    <annotation name="android.support.annotation.IntDef">
      <val name="value" val="{android.service.notification.Condition.STATE_FALSE, android.service.notification.Condition.STATE_TRUE, android.service.notification.Condition.STATE_TRUE, android.service.notification.Condition.STATE_ERROR}" />
    </annotation>
  </item>
  <item name="android.service.notification.NotificationListenerService java.util.List&lt;android.app.NotificationChannel&gt; getNotificationChannels(java.lang.String, android.os.UserHandle) 0">
    <annotation name="android.support.annotation.NonNull" />
  </item>
  <item name="android.service.notification.NotificationListenerService java.util.List&lt;android.app.NotificationChannel&gt; getNotificationChannels(java.lang.String, android.os.UserHandle) 1">
    <annotation name="android.support.annotation.NonNull" />
  </item>
  <item name="android.service.notification.NotificationListenerService java.util.List&lt;android.app.NotificationChannelGroup&gt; getNotificationChannelGroups(java.lang.String, android.os.UserHandle) 0">
    <annotation name="android.support.annotation.NonNull" />
  </item>
  <item name="android.service.notification.NotificationListenerService java.util.List&lt;android.app.NotificationChannelGroup&gt; getNotificationChannelGroups(java.lang.String, android.os.UserHandle) 1">
    <annotation name="android.support.annotation.NonNull" />
  </item>
  <item name="android.service.notification.NotificationListenerService void onNotificationChannelGroupModified(java.lang.String, android.os.UserHandle, android.app.NotificationChannelGroup, int) 3">
    <annotation name="android.support.annotation.IntDef">
      <val name="value" val="{android.service.notification.NotificationListenerService.NOTIFICATION_CHANNEL_OR_GROUP_ADDED, android.service.notification.NotificationListenerService.NOTIFICATION_CHANNEL_OR_GROUP_UPDATED, android.service.notification.NotificationListenerService.NOTIFICATION_CHANNEL_OR_GROUP_DELETED}" />
    </annotation>
  </item>
  <item name="android.service.notification.NotificationListenerService void onNotificationChannelModified(java.lang.String, android.os.UserHandle, android.app.NotificationChannel, int) 3">
    <annotation name="android.support.annotation.IntDef">
      <val name="value" val="{android.service.notification.NotificationListenerService.NOTIFICATION_CHANNEL_OR_GROUP_ADDED, android.service.notification.NotificationListenerService.NOTIFICATION_CHANNEL_OR_GROUP_UPDATED, android.service.notification.NotificationListenerService.NOTIFICATION_CHANNEL_OR_GROUP_DELETED}" />
    </annotation>
  </item>
  <item name="android.service.notification.NotificationListenerService void updateNotificationChannel(java.lang.String, android.os.UserHandle, android.app.NotificationChannel) 0">
    <annotation name="android.support.annotation.NonNull" />
  </item>
  <item name="android.service.notification.NotificationListenerService void updateNotificationChannel(java.lang.String, android.os.UserHandle, android.app.NotificationChannel) 1">
    <annotation name="android.support.annotation.NonNull" />
  </item>
  <item name="android.service.notification.NotificationListenerService void updateNotificationChannel(java.lang.String, android.os.UserHandle, android.app.NotificationChannel) 2">
    <annotation name="android.support.annotation.NonNull" />
  </item>
  <item name="android.service.notification.NotificationListenerService.Ranking int getImportance()">
    <annotation name="android.support.annotation.IntDef">
      <val name="value" val="{android.app.NotificationManager.IMPORTANCE_UNSPECIFIED, android.app.NotificationManager.IMPORTANCE_NONE, android.app.NotificationManager.IMPORTANCE_MIN, android.app.NotificationManager.IMPORTANCE_LOW, android.app.NotificationManager.IMPORTANCE_DEFAULT, android.app.NotificationManager.IMPORTANCE_HIGH}" />
    </annotation>
  </item>
</root>

