<?xml version="1.0" encoding="UTF-8"?>
<root>
  <item name="android.hardware.fingerprint.FingerprintManager">
    <annotation name="android.support.annotation.SystemService">
      <val name="value" val="android.content.Context.FINGERPRINT_SERVICE" />
    </annotation>
  </item>
  <item name="android.hardware.fingerprint.FingerprintManager boolean hasEnrolledFingerprints()">
    <annotation name="android.support.annotation.RequiresPermission">
      <val name="value" val="&quot;android.permission.USE_FINGERPRINT&quot;" />
    </annotation>
  </item>
  <item name="android.hardware.fingerprint.FingerprintManager boolean isHardwareDetected()">
    <annotation name="android.support.annotation.RequiresPermission">
      <val name="value" val="&quot;android.permission.USE_FINGERPRINT&quot;" />
    </annotation>
  </item>
  <item name="android.hardware.fingerprint.FingerprintManager void authenticate(android.hardware.fingerprint.FingerprintManager.CryptoObject, android.os.CancellationSignal, int, android.hardware.fingerprint.FingerprintManager.AuthenticationCallback, android.os.Handler)">
    <annotation name="android.support.annotation.RequiresPermission">
      <val name="value" val="&quot;android.permission.USE_FINGERPRINT&quot;" />
    </annotation>
  </item>
  <item name="android.hardware.fingerprint.FingerprintManager void authenticate(android.hardware.fingerprint.FingerprintManager.CryptoObject, android.os.CancellationSignal, int, android.hardware.fingerprint.FingerprintManager.AuthenticationCallback, android.os.Handler) 0">
    <annotation name="android.support.annotation.Nullable" />
  </item>
  <item name="android.hardware.fingerprint.FingerprintManager void authenticate(android.hardware.fingerprint.FingerprintManager.CryptoObject, android.os.CancellationSignal, int, android.hardware.fingerprint.FingerprintManager.AuthenticationCallback, android.os.Handler) 1">
    <annotation name="android.support.annotation.Nullable" />
  </item>
  <item name="android.hardware.fingerprint.FingerprintManager void authenticate(android.hardware.fingerprint.FingerprintManager.CryptoObject, android.os.CancellationSignal, int, android.hardware.fingerprint.FingerprintManager.AuthenticationCallback, android.os.Handler) 3">
    <annotation name="android.support.annotation.NonNull" />
  </item>
  <item name="android.hardware.fingerprint.FingerprintManager void authenticate(android.hardware.fingerprint.FingerprintManager.CryptoObject, android.os.CancellationSignal, int, android.hardware.fingerprint.FingerprintManager.AuthenticationCallback, android.os.Handler) 4">
    <annotation name="android.support.annotation.Nullable" />
  </item>
  <item name="android.hardware.fingerprint.FingerprintManager.CryptoObject CryptoObject(java.security.Signature) 0">
    <annotation name="android.support.annotation.NonNull" />
  </item>
  <item name="android.hardware.fingerprint.FingerprintManager.CryptoObject CryptoObject(javax.crypto.Cipher) 0">
    <annotation name="android.support.annotation.NonNull" />
  </item>
  <item name="android.hardware.fingerprint.FingerprintManager.CryptoObject CryptoObject(javax.crypto.Mac) 0">
    <annotation name="android.support.annotation.NonNull" />
  </item>
</root>

