<?xml version="1.0" encoding="UTF-8"?>
<root>
  <item name="android.hardware.usb.UsbAccessory java.lang.String getDescription()">
    <annotation name="android.support.annotation.Nullable" />
  </item>
  <item name="android.hardware.usb.UsbAccessory java.lang.String getManufacturer()">
    <annotation name="android.support.annotation.NonNull" />
  </item>
  <item name="android.hardware.usb.UsbAccessory java.lang.String getModel()">
    <annotation name="android.support.annotation.NonNull" />
  </item>
  <item name="android.hardware.usb.UsbAccessory java.lang.String getSerial()">
    <annotation name="android.support.annotation.Nullable" />
  </item>
  <item name="android.hardware.usb.UsbAccessory java.lang.String getUri()">
    <annotation name="android.support.annotation.Nullable" />
  </item>
  <item name="android.hardware.usb.UsbAccessory java.lang.String getVersion()">
    <annotation name="android.support.annotation.Nullable" />
  </item>
  <item name="android.hardware.usb.UsbConfiguration android.hardware.usb.UsbInterface getInterface(int)">
    <annotation name="android.support.annotation.NonNull" />
  </item>
  <item name="android.hardware.usb.UsbConfiguration java.lang.String getName()">
    <annotation name="android.support.annotation.Nullable" />
  </item>
  <item name="android.hardware.usb.UsbDevice android.hardware.usb.UsbConfiguration getConfiguration(int)">
    <annotation name="android.support.annotation.NonNull" />
  </item>
  <item name="android.hardware.usb.UsbDevice android.hardware.usb.UsbInterface getInterface(int)">
    <annotation name="android.support.annotation.NonNull" />
  </item>
  <item name="android.hardware.usb.UsbDevice java.lang.String getDeviceName()">
    <annotation name="android.support.annotation.NonNull" />
  </item>
  <item name="android.hardware.usb.UsbDevice java.lang.String getManufacturerName()">
    <annotation name="android.support.annotation.Nullable" />
  </item>
  <item name="android.hardware.usb.UsbDevice java.lang.String getProductName()">
    <annotation name="android.support.annotation.Nullable" />
  </item>
  <item name="android.hardware.usb.UsbDevice java.lang.String getSerialNumber()">
    <annotation name="android.support.annotation.Nullable" />
  </item>
  <item name="android.hardware.usb.UsbDevice java.lang.String getVersion()">
    <annotation name="android.support.annotation.NonNull" />
  </item>
  <item name="android.hardware.usb.UsbInterface java.lang.String getName()">
    <annotation name="android.support.annotation.Nullable" />
  </item>
  <item name="android.hardware.usb.UsbManager">
    <annotation name="android.support.annotation.SystemService">
      <val name="value" val="android.content.Context.USB_SERVICE" />
    </annotation>
  </item>
  <item name="android.hardware.usb.UsbRequest boolean queue(java.nio.ByteBuffer) 0">
    <annotation name="android.support.annotation.Nullable" />
  </item>
</root>

