<?xml version="1.0" encoding="UTF-8"?>
<root>
  <item name="android.preference.DialogPreference void onBindDialogView(android.view.View)">
    <annotation name="android.support.annotation.CallSuper" />
  </item>
  <item name="android.preference.DialogPreference void setDialogIcon(int) 0">
    <annotation name="android.support.annotation.DrawableRes" />
  </item>
  <item name="android.preference.DialogPreference void setNegativeButtonText(int) 0">
    <annotation name="android.support.annotation.StringRes" />
  </item>
  <item name="android.preference.DialogPreference void setPositiveButtonText(int) 0">
    <annotation name="android.support.annotation.StringRes" />
  </item>
  <item name="android.preference.ListPreference void setEntries(int) 0">
    <annotation name="android.support.annotation.ArrayRes" />
  </item>
  <item name="android.preference.ListPreference void setEntryValues(int) 0">
    <annotation name="android.support.annotation.ArrayRes" />
  </item>
  <item name="android.preference.MultiSelectListPreference void setEntries(int) 0">
    <annotation name="android.support.annotation.ArrayRes" />
  </item>
  <item name="android.preference.MultiSelectListPreference void setEntryValues(int) 0">
    <annotation name="android.support.annotation.ArrayRes" />
  </item>
  <item name="android.preference.Preference android.preference.PreferenceDataStore getPreferenceDataStore()">
    <annotation name="android.support.annotation.Nullable" />
  </item>
  <item name="android.preference.Preference android.preference.PreferenceGroup getParent()">
    <annotation name="android.support.annotation.Nullable" />
  </item>
  <item name="android.preference.Preference android.view.View onCreateView(android.view.ViewGroup)">
    <annotation name="android.support.annotation.CallSuper" />
  </item>
  <item name="android.preference.Preference int getLayoutResource()">
    <annotation name="android.support.annotation.LayoutRes" />
  </item>
  <item name="android.preference.Preference int getTitleRes()">
    <annotation name="android.support.annotation.StringRes" />
  </item>
  <item name="android.preference.Preference int getWidgetLayoutResource()">
    <annotation name="android.support.annotation.LayoutRes" />
  </item>
  <item name="android.preference.Preference void onBindView(android.view.View)">
    <annotation name="android.support.annotation.CallSuper" />
  </item>
  <item name="android.preference.Preference void onPrepareForRemoval()">
    <annotation name="android.support.annotation.CallSuper" />
  </item>
  <item name="android.preference.Preference void setIcon(int) 0">
    <annotation name="android.support.annotation.DrawableRes" />
  </item>
  <item name="android.preference.Preference void setLayoutResource(int) 0">
    <annotation name="android.support.annotation.LayoutRes" />
  </item>
  <item name="android.preference.Preference void setRecycleEnabled(boolean)">
    <annotation name="android.support.annotation.CallSuper" />
  </item>
  <item name="android.preference.Preference void setSummary(int) 0">
    <annotation name="android.support.annotation.StringRes" />
  </item>
  <item name="android.preference.Preference void setTitle(int) 0">
    <annotation name="android.support.annotation.StringRes" />
  </item>
  <item name="android.preference.Preference void setWidgetLayoutResource(int) 0">
    <annotation name="android.support.annotation.LayoutRes" />
  </item>
  <item name="android.preference.PreferenceActivity android.content.Intent onBuildStartFragmentIntent(java.lang.String, android.os.Bundle, int, int) 2">
    <annotation name="android.support.annotation.StringRes" />
  </item>
  <item name="android.preference.PreferenceActivity void loadHeadersFromResource(int, java.util.List&lt;android.preference.PreferenceActivity.Header&gt;) 0">
    <annotation name="android.support.annotation.XmlRes" />
  </item>
  <item name="android.preference.PreferenceActivity void onCreate(android.os.Bundle) 0">
    <annotation name="android.support.annotation.Nullable" />
  </item>
  <item name="android.preference.PreferenceActivity void startPreferencePanel(java.lang.String, android.os.Bundle, int, java.lang.CharSequence, android.app.Fragment, int) 2">
    <annotation name="android.support.annotation.StringRes" />
  </item>
  <item name="android.preference.PreferenceActivity void startWithFragment(java.lang.String, android.os.Bundle, android.app.Fragment, int, int, int) 4">
    <annotation name="android.support.annotation.StringRes" />
  </item>
  <item name="android.preference.PreferenceActivity void startWithFragment(java.lang.String, android.os.Bundle, android.app.Fragment, int, int, int) 5">
    <annotation name="android.support.annotation.StringRes" />
  </item>
  <item name="android.preference.PreferenceActivity.Header breadCrumbShortTitleRes">
    <annotation name="android.support.annotation.StringRes" />
  </item>
  <item name="android.preference.PreferenceActivity.Header breadCrumbTitleRes">
    <annotation name="android.support.annotation.StringRes" />
  </item>
  <item name="android.preference.PreferenceActivity.Header summaryRes">
    <annotation name="android.support.annotation.StringRes" />
  </item>
  <item name="android.preference.PreferenceActivity.Header titleRes">
    <annotation name="android.support.annotation.StringRes" />
  </item>
  <item name="android.preference.PreferenceDataStore java.lang.String getString(java.lang.String, java.lang.String)">
    <annotation name="android.support.annotation.Nullable" />
  </item>
  <item name="android.preference.PreferenceDataStore java.lang.String getString(java.lang.String, java.lang.String) 1">
    <annotation name="android.support.annotation.Nullable" />
  </item>
  <item name="android.preference.PreferenceDataStore java.util.Set&lt;java.lang.String&gt; getStringSet(java.lang.String, java.util.Set&lt;java.lang.String&gt;)">
    <annotation name="android.support.annotation.Nullable" />
  </item>
  <item name="android.preference.PreferenceDataStore java.util.Set&lt;java.lang.String&gt; getStringSet(java.lang.String, java.util.Set&lt;java.lang.String&gt;) 1">
    <annotation name="android.support.annotation.Nullable" />
  </item>
  <item name="android.preference.PreferenceDataStore void putString(java.lang.String, java.lang.String) 1">
    <annotation name="android.support.annotation.Nullable" />
  </item>
  <item name="android.preference.PreferenceDataStore void putStringSet(java.lang.String, java.util.Set&lt;java.lang.String&gt;) 1">
    <annotation name="android.support.annotation.Nullable" />
  </item>
  <item name="android.preference.PreferenceFragment android.view.View onCreateView(android.view.LayoutInflater, android.view.ViewGroup, android.os.Bundle) 1">
    <annotation name="android.support.annotation.Nullable" />
  </item>
  <item name="android.preference.PreferenceFragment android.view.View onCreateView(android.view.LayoutInflater, android.view.ViewGroup, android.os.Bundle) 2">
    <annotation name="android.support.annotation.Nullable" />
  </item>
  <item name="android.preference.PreferenceFragment void addPreferencesFromResource(int) 0">
    <annotation name="android.support.annotation.XmlRes" />
  </item>
  <item name="android.preference.PreferenceFragment void onActivityCreated(android.os.Bundle) 0">
    <annotation name="android.support.annotation.Nullable" />
  </item>
  <item name="android.preference.PreferenceFragment void onCreate(android.os.Bundle) 0">
    <annotation name="android.support.annotation.Nullable" />
  </item>
  <item name="android.preference.PreferenceFragment void onViewCreated(android.view.View, android.os.Bundle) 1">
    <annotation name="android.support.annotation.Nullable" />
  </item>
  <item name="android.preference.PreferenceManager android.preference.Preference findPreference(java.lang.CharSequence)">
    <annotation name="android.support.annotation.Nullable" />
  </item>
  <item name="android.preference.PreferenceManager android.preference.PreferenceDataStore getPreferenceDataStore()">
    <annotation name="android.support.annotation.Nullable" />
  </item>
  <item name="android.preference.PreferenceManager void setDefaultValues(android.content.Context, int, boolean) 1">
    <annotation name="android.support.annotation.XmlRes" />
  </item>
  <item name="android.preference.SwitchPreference void setSwitchTextOff(int) 0">
    <annotation name="android.support.annotation.StringRes" />
  </item>
  <item name="android.preference.SwitchPreference void setSwitchTextOn(int) 0">
    <annotation name="android.support.annotation.StringRes" />
  </item>
  <item name="android.preference.TwoStatePreference void setSummaryOff(int) 0">
    <annotation name="android.support.annotation.StringRes" />
  </item>
  <item name="android.preference.TwoStatePreference void setSummaryOn(int) 0">
    <annotation name="android.support.annotation.StringRes" />
  </item>
</root>

